{"cameraMode":{"drawMode":0,"name":"Shaded","section":"Shading Mode"},"sceneLighting":true,"audioPlay":false,"sceneViewState":{"showFog":true,"showMaterialUpdate":false,"showSkybox":true,"showFlares":true,"showImageEffects":true,"showParticleSystems":true},"in2DMode":false,"pivot":{"x":2.3750386238098146,"y":9.680274963378907,"z":1.8709526062011719},"rotation":{"x":-0.028806202113628389,"y":0.005095525179058313,"z":-0.0001479406637372449,"w":-0.9996083974838257},"size":33.21070861816406,"orthographic":false}